block_number,tx_hash
15500338,0x3f53b89a99428a44e9ec5b9cc7495c79b6b9d3c3b3ad7059f5d54484b439b693
15500872,0xb4ac986af398ce5d9bc719ae4a8d48ac91eaddbbfda45eca5687afb9145411b2
15501336,0xbf13115f34ae863d358c23b4d874b0df73c6ed2221a6dca6312d947b6a02858f
15502110,0xa448da72d434145b723d7f3a06658e570a259a57314dd85bde0d9110724fe9c4
15506434,0xc6a3005fb68c721ecad8fcb130f7f535cab3b0b6f2c80fa19379ef95b24c4e2b
15506436,0x3dcc016376bed447cf4c755b3ec0f0b9ab873ffbd1c2cff0bc6c60f1be2a08ab
15507801,0xcc5f92f0307fd78d0bc3c34077d45d408ea585b3310739ed13277a9686e091eb
15508265,0x671bf1cb3978a2bc864223e4755f07c42beee5c0b5cc27599e3ada92c08c8ee1
15508541,0x19de562dcab2c214099f3e990e842604ee864ee0c7217d4b8d4e8c9541d5830a
15508554,0xe4e53b4ad88eebcf31286be8044cd0b467979c649252e8b1bdf17dd304df782c
15510275,0x6f2ac1ef56b9ce7b3ecf2ddceeba1692cd87d72b60d57c775c0344730e00fedd
15510369,0xda8caf4e9da308b456cf26a32096742903bf62b05c223ca586eff5bd8e5901f0
15510437,0x1d48391224cd30ae0a515b20eefd1651771991a8f7546b5f638afde01fada836
15510437,0xbefc3b49bf73e299ae9c3d8370415a403044cf4e608239aed415322326a8d7be
15512735,0x0385ca21a6956c0ba2c2f2768bd124796b803604f4233910a258f04567842204
15513331,0x29ec42d1438889edd551119fb0e47027e4b74784b50a7d58f2542f355ae20e1f
15513766,0xb0dd1a9426ad084a117f776c88751a36bae765562181a41f83aae52a6a4ae474
15514236,0x1ce175537336012aeea49c9e97326d9be3312f7cd28a6ebcfa8262ea88ccd317
15514447,0x8146a7f939697ded7b3bb7dbbd4ecb553c10d32b330d65023ec7fc86071a23c6
15514499,0xc7d3371e8547c0db6a6a53dd44ab151670aff1e87145ad66b4a5f5c572ca77ad
15514503,0x9772294eea62727dcc65790cde5dc77bded911f59ccdcbfea471690752d0f44b
15514669,0xe4c594da16dcf833ca50ccdce7259530490e40bed2b56a1190c9e47af45a984d
15517964,0x2da09c8e86ba28f752a0892e34953ab3cf0cb73aa97295d9aa26c9084a4a0d24
15520361,0xbf93671bd5829893d11d0186d494bdffc326ec93a372fbbc37859e9e3896aba0
15522969,0x5c5e95e3aa3a90c959bb4b4c67b25896d3c3ce1b351f5aca6458fe07c6ef0d3c
15523627,0x1809cf5f4812131c791b81b8e685f362d7fa16d8e716a2b70726c966ca71ed2f
15523953,0xc29aa5ec668d01c39081a5ecb3b3b68c7067d513c26bd197c1ba35b00e4476f5
15523966,0xdee22290ad28fd23d799643be6c0612dce2c6bec5d04d0e5f6ff6d6e60d85e22
15524200,0x3fde7090bb36a7a19b7640dd1ef23a564f32d233ce593a45f947b5303033b8d2
15524202,0xd800b1354d40fe26885db41790110f9bf96d615f8d82aa3bba54a08a9ca61e3d
15524834,0x35d7704809f0d3969663fa2de40c2e0b75c8b26ac3da2d81074f2c00eb055c80
15525138,0x2316f2af3727bc9fdc24c2c105c706874295c930e666cc3eee1045d07e38e038
15526950,0x71f0155491048ff4a80156fd56f5db35f8964ad4adafd6a482a113aa65d37a3f
15527006,0xd6bfe2d9173f00fe682f22bebfc364577a06af173ad3296a284dd8254b8b5e46
15527018,0xff07ad95cd7368eab17aa84d7da42552aa5e56e315f800931fe266ac6fbe74a4
15527097,0xefafc306f7391b53fd5a5b3f8cd3d345ca379473926bf52b8ffd2be13db1f1b9
15527117,0x934a57db120bf985f0ed2ea3b9e1abb09bff1542abd093ca8739e919a366b6dc
15527117,0xc0c2b0741ad820f93d838eab4c5b5df4746b125f5d899d630fecb0674939c373
15527168,0xed5f0f6311db04f54c9bf3466acd24a30ae686d4796ce2afe40c895f2c8e248e
15527486,0x80185e707b739b599f47937e96ca4c021ea5ff77db7c84154aaf57b4b6bafa36
15527513,0xdf44451d3e89d96cabb8752688fc4a2f7c028104ebcd862f90b669ae42812603
15528575,0xc1a541adf2801b93ed69e64cc934268094d87c8b508e9d64d16d9d45c87c7c64
15528644,0x618a54d7154c9b639abbcf98c2a9bf014c370dbd33a871bfec5d9054d0a4df2f
15529690,0xaf86bc934185c34acea89fb1a2dfd1ed264f1dc958d7bafe51872842cd082749
15530210,0x7f719288c5b480bd191b40f2d517d9b35333fbf92cabd49fbf1fd0d46dbf8a25
15530338,0x191ca13e361746237efad1372f14d2eef4e75e98026e497849314489fa1eba51
15531931,0x399abe4def5b7ba7cd4eab240b0765c6499d132e27dd12955b5c6cc841b2619d
15536463,0x7afccead818c43eb73ab6f81f1bcea7ab81e4d42d6496f7c1beefb1f3300c2eb
15536976,0xd3f9ae5edc23b6e29d6a429969a32fab0fb324b8d00326c67a10c12afed58177
15539724,0x090f810e14f870ec8642dc14a2e7e473c77861a40b925b22fd3d309a49699dad
15539724,0x05c6ac35111ce2faa3eef3c044fc3e28a906dec9c2ff6adcd48ea17f54a46a13
15539761,0xcc4b35cdfdb1e6612964b088a14f43a3f5a967c837fbde5bf5ac8237de855fbf
15539761,0x3203a6ed1299f1ef82652d3f9522df41714f8a37add5c6793f07c0ba4d4f6e7e
15539762,0x97e0bc9e929cf11a8706feae9734171d9e64a923ee26f524cabbbe40e8014454
15539765,0xc8a8d42fb7a5e73c8ad3169653295454fdcc6f366b52cb102602a4d48fc18d09
15539770,0x5b01da54507f1535773e4b244941b59875f11fa09f0f39e28059f7c0cc795401
15539887,0x669a0e0c7d83a2502344ea5db3d6b935bf79c4e41835df28180c6fb163f36683
15539894,0x813d7b2fa8b3a7e90691fc2b8cadc7247def2c61dfd12c5d34b6d15205555960
15539908,0x1b5000d5446ffb7a81ebfcf4ac2004a8ea1c49b78e54a60704862546ee9b45b6
15539929,0x53ea91fd542f83bc391a03e17f6f2c0bd75abbab009358c5e866effad1bbe5f6
15540047,0xe4ff830ede74166382dfd8b49140ec5087a4a81b9a7b72d9f8bb107d77f0e0b2
15540212,0xaf797bcc69c0fbe85d27ca79003e753cb1ad1ca9042fcc774834a0d702e7f7ee
15540362,0x559750d29ec426d13792e52419e4cb578f30edfc2a0264b025275b87f41a9b39
15540899,0x8d51798a1c37622b4753dbd0d321dec3e56ec3dac4ad750d77a0846c45d13688
15541990,0x391e5b73a5aed519da03dd0bea5e934117937213b7e70a18e921a8042fe6e0cc
15542123,0xca73f9c30274eca6f291accc2ecbf86840d55ed3fde404c3150e21efb3e7cba3
15542588,0x94180b5d3e9f9b72bc27389005bfc6974e0d2bbd0293972120f27d858885877c
15542601,0x049ebd8013abe957d434f8932e6aad2a3136c84203ff2648a5ff8bd0fc9a9763
15542703,0x2bcdf65d3e3096d01e0c48e2b199b2c54d577aab761e388460a4acd3b4d6190c
15542716,0x2592aebb4e3a99ea56aead90d87324a6d4151975f506c5703b713e8881f68e6d
15542754,0x0f2df15be5d6c69c39c5db06bba782ef6a8f5344973de3f3933474c267523b11
15544049,0xd5b4b43b9a9751d0d09fb0bc44d8cd19924dbe59a91ac43a3102d4f82f2f3430
15544142,0xe9c214c46d9492de83ee3d582309e7940b3388d008ad7c3e6325f2963062b8fc
15544229,0x9c9075577bad757370cb0a3d24d328add4b199f8dccca582138128c3bd5793ad
15544513,0xdba04a2315219e3d94ce44d246eef82ac9235abf8f3ad4ffff47f1f234ca6787
15544685,0x13b25e3469072d054067bf5815e1f13db20980613aa57d3b5c38b4f28dc7edb8
15544692,0xf1dfb252ccb2a9bb12cfe3662bf3e5dcd8386546be3ff8a34667aa33c85da174
15546600,0xec6792c88f9403252ec6259034504726df0607ff0e8b1cef83a60cf209913080
15547558,0xa3d22c8559ee9aaf02e175d1032538d0b2b22aad24444c5aa4ecd6791589db72
15547622,0xbcf1bc380181ab43a0248e86b4292407ee1e6fbaf80127611b207b5521f8bffb
15547681,0x032e8815ab1defda4622c7b8fc27a5eee2cb31b72f67baf6165e6939018927a2
15547684,0x424cdd34696f1cbe9994800728bb6b5dcc36cc8da29b65850426a2abe6c522cd
15547689,0x91ef6d104f4afc21642957d7a941de55043295c60bf4b7db1c1e128304de3617
15548365,0x51ae548e473f85d591cb96e5d635972ba46844336ff3df07e7ece27692c6dd19
15549257,0x981d81f1e5828f454cc141b319d2750240aab6a6619967f6f2fb7e1eea96ba5c
15549263,0x4fbd6d023a8764a6ea0ce2c07159597f97d1d46408d0a361154eba2f2053c763
15549420,0xffa9714e50d3e1c31e1494e5db61d05f872421f15830f1e38fc9926514721c9c
15549443,0x18a6e08b6fa7ede6212dde2c5aceb8ba9bf456e0db636142c4a140e5e7e9ab5d
15549446,0x4667a06527582a72178cfe440a474fd9381f1ca0ba3c7ab56696bf4ada2f91bf
15549482,0xedaa6354f7e1019744e2a0de6477ae17a5964d01671965e24791af54f63838db
15549514,0x487c872a63e4fcb7dff6f444ef37f230959b709f638a9b5c4528b7ebb405e400
15549518,0xd95dd52b994b841f71372899ba40b20791306c4540c0fea02adc27687281bdd0
15549582,0xdb1de3df7b96e0e60c41dc292f4bf2835f5ec0a0b3256c39acec31b133492899
15549586,0x16927f70ef5a34e2ddcf637521d78cd018801fd61b35d2497d8784256bbcfc29
15549594,0xc29551d42ec271c1dc452f720bc69e906c5b31d13439fdab9267553e798ceb50
15549697,0xfd2035c4a1060c93c9c36ccf4a5ad964fac80385ac086b564cee82c7f4300b76
15549701,0xc989ea7712088ed35ad39fd89f647f8986b4acc113dd6fd53c991602142cc7dd
15549737,0x529b6757a275186b89acc07b91201439f6e118f3b02bb445cc80b3c528c6f420
15549752,0xde4182bcc0e467e84481109fb3d682897721797b2a7cbb416039c7d2c52bfd27
15549755,0xddad01a54a2783cf707758a3968840791a6c05583a6318794aee43c7a3d88270
15549783,0xe4c8760b6d0dd78749b1a237c5dcf42f64bc8336ca0e0fe5f5899d5f58ff5b25
15549789,0x05cc0aca3956edb8a1a49f4302c3b77316732db0aeb3f1f6262c8664ba226f9d
15549818,0x1e261865e48057809211d9ca1125a2cd9e82f7742e5870800f4c580bffa8981e
15549864,0x4e3e14e7f447a55a97d32d65b639671f1d433430c9f025006bf7b0c7b7254cca
15549871,0x1f77d3e056f9431e37052a36819ca40ba5ca5063a95274120fca5227d26df5d5
15549930,0xc00909e7c19cda02ff923b09e27233a212b31b04492a5490745ed361ffd180d8
15549936,0xacebe61e22c28d888268abdd4d9b7c0e255449623766723d0f6b3d6fb418a9e7
15550267,0x4394944b4ecc7ea65e9dbcc3b29437518255d487d58c28981910b636338bd047
15550400,0xbbfa1086fb6d516f9e6d0a3f70cabda9886050aa58a3eab1450d57fb47a23434
15550403,0x9814b573715ab0353a1e27258a61d278b65f66a4d6460e3711159baa886fa4fd
15550405,0x8fa7183150b7f2663cfcd722a06dae2767a767433694c482ac098c83eaca9c44
15550408,0xac7aecc9bd17c3a3d4f1c21bb74b75e299c8b40eef12173bb0cb75f305f6a4c4
15550440,0xb40056e0c370bef22940b4658b953cab6053a7752bb33622491f396a91c7c9be
15550638,0xffa59e1c317966e06a79709236bdb43f54c736518b03d2dee81b7cedb41a2854
15550718,0xfc64a4f06ba9febd6f9ee5187419758cbdcd420d6ad232cf5b01907b304afb08
15550731,0x655b951a60d0879f633bbdbf6d4359593aabc6036edc4b8b93b44c0e4bbee194
15550738,0x7fca037506683e440981c2f181795c00b3dfdcc01ef1242df7e96863a55e4915
15550741,0x146fa4c6b9d37bef70c88dfc6b52f2b466c9894632089b98a93943fadf20d084
15550763,0xd87fcfa7a46d5a4da7377c0d20779a538fbe90fe0b9dc3605b49bfc89819aa22
15550771,0x0a3d29c9d230e9356905dc18121fa762ddbcd15837dae77d3258f3076f35d866
15550784,0x620aefbb23a1fa69741567a0fd4f85fc7a9a6bf315f3fd6d2d490cdb2ac04c67
15550785,0xfb5b0332abe881e02f5990f1e96f1362b7450042288a9c61280f5c5e6cd0415f
15550786,0x7be149ad9ddbe72f525c7951c20623008f6fb3f015cb06dcd7484e50e55c0b9b
15550789,0xfd16bf9536d85a93c4b841d0613cadf19feccf58aeb8aeaf2df5382df6721e54
15550806,0x883f26aae5a3b96b9f389431b11f506919c95f794dcc117b2efb38944b31f4ad
15550819,0x42f0f57e37de8e7d40a0b5c210f2d99c6dc32aed7dd3e7e5d7813b953416f664
15550831,0x9e8bad4a6d4e043472038dc3a78bce00994acceeeb52ab1e2e3d799fc5c69d39
15550839,0x52b8da515bd343e2e4830f2c820f16d2b06fa69100f93a0fa5af477f816b07b4
15550858,0xeb0fa27ccd00f358cd3f0a4395c69da1904123f723f3ffe5c0aed1e49b5afa63
15550869,0xdd3b8dd8f521bcdb667c610b6768d223784e8243e77891b0ea16eaef94cd3f71
15550883,0x1257a1679382572455513417b2b860f8b24295c066133e52e0962bd8dab5ed9a
15550888,0x45a359c4a26beaf56572abaf2fc26af8dae0723ba0dbefef7f4023a35c441293
15550889,0x4ef1d00379f569c083c26822d3ec84e79cf67df6f68872834e2a32ea4f478772
15550907,0xe249da15a24253acfde5d73f60f92a5cca2d3b7bfff360e607283cdcd50258f1
15550908,0x086634d44fb96e8dadb318ddb62607edd1ff11457e4034cee93746f58e053875
15550915,0x955f22eb024d949ab39a8234946faa9c9f99740ef6e2ce382ad9b4f7fd484399
15550915,0xc3525e161bc5424a9446e8216f4bb1001e250b3db827f925d6844a2dc327b543
15550926,0xafaf47b1f5415a83ba0587cf238456c5038a5a9ab49fdb2475479bf2aacb5399
15550931,0x1fc9a374c5ac11ecf915be16587f0b7dfb39f743812811a7cba6c3c90f2014f8
15550936,0x5537dee7bb9126d8832c439756dea71d2a2c6863858bb5f818c1a5275ec0e3fa
15550936,0x0cbe2b43ec1747a5d83a9a0a67b28b6de0985e01f58b174f4da5425062688318
15551069,0x2b7dba44ec840fdf00b4bf26577689dd07fc8dbe7b1e6e6820fcaa35a2f156ce
15551094,0x90465f448b90198e711182f49ba4481c3f2554c4f5afe242001d8f3051fa01bc
15551117,0x8d858f44f17ce831d8e1a129ff8f5804fba335e3bed5730302f45bb3693164f6
15551134,0x2449d30dc02eedb750f2eeeb43e6e6b871ec730cb90d0a219a25dace5cc67f6e
15551141,0xd719ee0c1aa6b415b64da717a9ae138ea4dc89b0ad4c6d758029aa76e9d2e2f7
15551159,0xff4dd906250e4740217b1505783faa1e6c3c314e7b633306bb7c13ffb9f94973
15551180,0xc0c93aa2b80cbf23d63862cd49cc016c9fc0f677a11528f43b786511223696a9
15551185,0x36954aafed1d0ba515f98a8941fab8505c7131286d86c75a6238a8d1aca0666c
15551197,0x97e3cf11c068cf644db4d8a315a115e8229bfbb46adbfc893451d208ab5d0aee
15551220,0x96fb83f8f2fdb080b82f8b9f2286c5b8b1899b9fd1c9eeb6698e61d710fe9010
15551221,0xdeb1fcba69929e82e7212fccfd1f9d06f6f5f23eedfbf51cb0db08d17ce1bbac
15551233,0x83626989334f0fac2426f8b0b76c9500749f08cc0f67e48c35cea5422ef7671c
15551250,0x125324b6f9fa64c62319a1d7b3c671c773672e4296e711ec1ac19a2ad8cd1900
15551263,0x915461ba5e8aaba13ee61aa0739aaafc390275b0167f87cfd8f94bf20778a293
15551285,0xa1e8fd40aebf9a124b3a48aab83415f6e93e5432773d93b6a7a8df2b223f2b3f
15551313,0xe25c20c9632ff6a496f4f9adc331ef0238bbf2955cd0de4c935419c1ca0ae07b
15551350,0x17f586c7f2661ad33320237cf5c223b9ef130b0682ad54dc1f84b41136739a97
15551359,0xb76bb3e9df2625afac04bea079d9588b95c76bc09994e7a36d26196af2e36d77
15551360,0xdf242703e14105305d91c6ffb056f62c6dc9128c9b25d8bab8bb38d9e14132ae
15551405,0x9e6f13b524993aa723c5b9fbd0b1b1c79634411554823727df74a010b6f22a89
15551478,0x3ba056303c5ef0e5f42a2dedd575f7f7503b1e2321e2bf6e7f50bf46a4eb04bb
15551488,0x6f43c0daebbbeea94d9d7c70732d0b5980e80d4370520e16c645262110856ebf
15551509,0x91e98e39f2768c1da1323c3a86ff0edbdfd3bfcfb9774681dfc5fa836fbc4390
15551524,0x62152a2f7c521fca6a95f738637ae82f9881cf75afe187b0375e26a88347853c
15551527,0xad32d368ff22363986db833532fc3cf621e05bf88871ac24f1955599ae5b559a
15551539,0xfde55ed0e20c656d0fdd0bb98b4df900677597ad2b8203f6f0d9336fb0ef08ad
15551541,0x79616cca23ea8ff16fc20c68a715c1d9fec4da075bea93fe091ea6849480cfbe
15551547,0x098342dfcca674f2ccaad08af85cfbc611101d8bfe64ce51e3e86863988d3668
15551553,0x86bec180169e6c20bb4c4b77fe1a4fa21b219f8cf5c188c5753a81773a0600b4
15551591,0x57b7685ad15f0db214ff9bf3812121f9a876b8a9daa3a821b143db5732138442
15551593,0x5b779f8666eb3727c55bbcd4c6c89599d21a729d41f64b481b760f6087847739
15551593,0x59d732978ece83e4d8b77f26525d21b148dca3eadb1cbb7b4423ed4cff7d5b3f
15551593,0x717da12a5b38a440c66b754e58440791356e945dba09f8c89185d789fa38ed0a
15551617,0x65a85bbba2637ff9d5ee76917214e7079f8c47c81d4405e77093b28924dc8479
15551634,0x92030345d75005d76aef2fe9efff725826bb140c8f0476bd06311af0d600a147
15551647,0xc7ad705a8a3aa9ec4e94489a4bafb72237bb18a7704f7652bafbc2b0e3a4fd52
15551662,0x695338d7bb53358344bd73dec001dfb96393b3242c1f271c7955d87d42df7c6b
15553165,0x560385bb91ef0add23a1e703adf8c8c76f06c2d86c6068db33c487f551426114
15553324,0xdd2eebc8e950c5bc1c1db4e193b2d0e2bfab4392135631f5faa54ffa48002f39
15553479,0x0e39104c1c8135c925b7faa685c0926886528f3f58ceb3b8e7600515ece42eb9
15553499,0x1a8b5b9ff6f458837d509e645e2f7c09722660547914199f0b79169d20b96345
15554002,0xd7129ea509f8b90a2d47015fd97fca42f0a7075952f92fb75628ca3638389dbd
15554162,0xaab7535d8206ffa40082f4ad2afac9cb1971dd75a6b15fb72f94fdb65aa97b25
15556383,0x57dfd21d9cbb5bcb92ba93d90e311e37ae075f53153329db08b175d9c708c97c
15556448,0xdb4f16890060a1cc815ee43dcee75d53c93af2ca0893bb4dc0336e6fb1ac2fce
15556458,0x8a0189afb369d5c76f8d25a9d652d6b818d218757561685421af2c9c0a3274f0
15556460,0xc304b98dc536e987fcca9fd31dffbb4a8214377b8db79721f9f3e5e7032cb47f
15556478,0xfbab0ae62344037cc2ec634da10d7f5bf7c60b90b8e822e981780845378a9aaf
15556496,0x5879603e869b7020ecbc82fd0d363b9501e5e9b21274d57b9285a3415157548f
15556513,0xc5a118f30a0a32be99eb02bedd449787d8d872464c0304e3787728a806edaded
15556515,0x747564a20c170519069ea28ff208e51984c2e466a917393e61951b17b25ea092
15556527,0xf259b99d4bc23c63779d8a9a36fc5f91a10ea9a2e35dfe2e2233bdb8439c0a9b
15556534,0xdb6f7239bbbdf5fcd348f20976e92b6bb492404019737ce4d299c92424c02ae9
15556544,0xe185e2607613fd8690e3e5359e6399de469ebf2419f8cb1df2e70ba94ac7189e
15556549,0x56c7b64a383a475eb7d05e1e2673150aeeeeb2268a66a071b4f27fe9a1ea22c7
15556549,0x15ce5da346237c794dbeb8c0198abf51dca2ef1efc85d69b8d9e18184ea3f68e
15556554,0xaca772334022e32c22808bbe04d00f8b405e2a41c6bc5b85726cb82125bf78ef
15556631,0xfbe80aef89606a9c264dd30aaaa54accf13affae4de8b5474ea56b416e31f92c
15556635,0x76057e1152f2689e1746b3f75d534de2257f58314388a64f2e07d3f072ccd1c6
15556645,0x1c12ae117246df716ba81c965aa03df2df088e7d620e4548275f0e72d7803158
15556665,0xe4af6ee8bb71cc4e4002b0f546338c2422ff40d66ff1ed02ba4e9ffdd9b70a43
15556672,0x362a008792e8262067a1a8a037ca8657abbd80948d28e51887ff7d3588f36d0b
15556678,0xfc967934ade5b7afd06d5fbe630656cc18fb1ce8c633f1c6437b9bba12391a30
15556690,0xff1d1912c3423adf4e554d0768b1cdaf5bb4e4ed23275bb8c94bb302a9883163
15556709,0x38220df175597e92ad5b1d1b550cd1a15eff31d1c0c605018a85362daa6b76a4
15556709,0xf8a6a2fed68e11338328e74752e1a64faf31a740a8de033636477b2b25c0daf4
15556713,0x2e35a88746a06c553546482445a72eb91e5061bbf54aea90609deb1f72843b50
15556720,0x807ce2127b8b889d1db91bfb91dc86d66315fe79563b4adcd1ce8ad89fb44b30
15556720,0x691e16f6ba7422bd2f0bcc24dd6badef42831477d4f2b9725dd1b3c5af00620a
15556931,0x1f11aa72d171419a9cf4aa6f5704164df36641b3fd3f3e03771ca3569230f3d2
15556933,0x8e08628a9c20dfe33f92dff014e0bbb3c91657c1d62189a21016dd37bdebd2e1
15556935,0x6202d2edb67eb1d259bceb17742b2bbf055c7e367e0aac3b6050e1890716d189
15556946,0x1e51b0b53fa12ce9cd8729ca3b6b51b85b3bcf5f9a725ad4b044340d03e53b48
15557045,0x54125706bf3818b385a719b3990688cb4ea75f4d199e4c09cfff06872e91853b
15557072,0xa02cec21144ced61b997cab64e5935463f28113cfa5bced360a6e27619507089
15557081,0xa5ca350dec24f1f0c3b28950578a5b220754b57b8eb065fe779e5e5bd1cb43ee
15557096,0xf6d75da3d4811229cadb3a91e5f53519545bb2099f9d8f82de8a62e5debdd329
15557100,0x9aa794bbc44b7004153e1e7cc8bccfec9fae2572c93cf95e60c9503e2524d697
15557115,0xf1242406ff880b5d3a14f431f4f447f544066f4b30980f343f6a8dcfdd0908e3
15557140,0x77ae275ca8bec84bc166f9e49f7d107653c196140ac7ebfbe857491535ea14a5
15557152,0x30bd616dd26bd64949b6759d9a785af709de9107af9717d50d009de987f1cb2b
15557166,0x442b75ae7a248404978dcc5a86a93fcd3d23b13addc8447c3bb277332dbf0a4b
15557168,0xf3600eca1b55fc5557c04905fd0cf4de2b873e7cc0b4110b1d9440b43ee3a114
15557182,0x4e2976c6697cd6cd84523d80f1c9321a3958a70294fe5444bd91d1b73dcf16c5
15557182,0x130a9e94e694a17c4b166f611a5f728551e614c217bf913e27006643c15b070d
15557269,0xf4c0b6a1802b438f62613fc9bccf3008c54cecb796b0af236bcd2c5f52f34539
15557283,0x87e3a6b85d5bed2720eaf7030933b458940ee5b5d23f8ea34e290d97be84206f
15557286,0x0ec44b7185bc95a26fed964fea70644813f625cac0cd3495e0b0f89703598164
15557287,0x08dc815f596529a2a36b9c1d7065c0f40f6fad6a6c9a2b69d6ec75dd9ef2ed75
15557288,0xd3c493fe141d4a025128883678ccc824507da87f533b3c364344c4de61eda40a
15557292,0xd8001dc7304be762fc07961e619c3a805b597605240a58ef2c4fc2d7310a9896
15557526,0xf36530c6a6f5c7f1b49554b60bfa4f63eaf8d9a68852a3eb9852e3492bda819c
15557560,0xe6607c3c84dd2b42e3816e13daff881b0ee36710f90621b7dbb2be9ca76fcd09
15557734,0x25c85651871aa61e6b5773649934a070f794f51d29a476e57385caec53533e1b
15557746,0x5b808f0d75a4fc74b8b152638a2d8a3700a2bd09419a096338c385164af6812f
15557746,0x93845cff347e4fb1fb49655a4d076ba91776aae4d20ab30ef2b9f813c84459d8
15557748,0x5b67cff9b182393e46b0898b21372b1b9befe569e035b117b3c9b934e0e6c71a
15557810,0x99d2137086b9248af275325a1740631c2046f9027b9af17a0cda6894a7e6a9da
15557831,0x5f300d2ce94d365f5e198d8a08e6122acb1d0e3fd0ffc43248de298f0594af09
15557864,0x5ad1455722d4a5a1b302b717960d15c2c11708b56d7f9524f158a4c0efc85447
15558033,0x8df8a884c7ce76357246c42d01caca1c902cb00d5a2c77a704bae1e8a1c9de85
15558039,0x76339aa6c193468fa8ff7a5eb92a35a88d0e9f3570177aaa440c583b771fd47e
15558043,0xacee1f1bb77535d3826ca05adfa654f9eba3d39d497128a824b3d36abeba18c6
15558068,0x7a93abf9f86e0a1215840ad7022d9e537142bb31e2e34b1af1935408dcd479de
15558077,0xacb9c6fd09ad15d80c591a5387e4ac699ba1d35f594cc055a02460b828e8ede4
15558097,0x7dd805999605d9e880e13ab1628422bbde6d152c3d3e80eebc4fb9ab4c3160f7
15558116,0x1b1c67ce08594346881a58a8b21487addd1a37d4a025ef7d7bab9849a4e23eef
15558117,0x6f38f6691bd55ee31c2a85ec2663a9780b5a0eb7b96aaa366d19ed5de7952eec
15558120,0xade9445ec700314e45dca873be3aa8ac15377f95ca76b86673e048dcb12f9afa
15558147,0x1c19e3952f55514ea90af6ba76ece3606c637fba3a97aea5b33efeaef99206f4
15558153,0x05641c705dd93a476e385f13424771c3b7b1f1a7d040d111f2c2c5b7892982a7
15558165,0xbfe6e09730e38150c69f247e6b3f41de023cc28bf24b20b7910bd6b3e06956b7
15558227,0x58df698e5305cda9e6fe4d56239bd2943ce8a24b33cab69c2767c63317a6a076
15558230,0xb74836f64da60e001c0e7d8e8bbcef0a7058455290f0edfd10e6e0cf50f671f0
15558232,0x6a4e8f504f1e4c122b0b9963cc0fde3ece2d908e30656abd26fa53a7402d79b6
15558240,0xa7836e69bfad77abbd2e0a97941ec010be2999c708e2c9837479ac447eab5715
15558253,0x7bbb6dc9de68e785c467122651115de7ac653d0252113f55ecd788a5aa851970
15558257,0x5214cd70ebf6b159b56dbd74833e31f9e31d00dda028f7e047e2a7a933f35028
15558260,0x4327a84fc3d1f2478a7df23ac9c8e5ec7a5e5ac17ea1c7152aa69ac331887df1
15558330,0xc3cb74f64ece5d4a109ad7d2b588bd3184fb8ad7850e715b2aa2e4c0cf3e9930
15558360,0x4da8a90d491ade0afc75b4d827ae358a4c5414ba3371ecf10337dae5a992be52
15558389,0x9feed422b292ddd34901c316bbdf070972705f1577b77f1884d15c52950f9846
15558397,0xa18ed981354cb87c46d1e0fee2a7f224ffafb322463b79b54530e9c457b136c5
15558574,0x75aacc764f96fbe24fdf7d32620f735814071d13ed81cf1210a91c83cedffdb7
15558889,0xf74181bce8039a774633ff07c25db79e6edfecf5476c6d4e962f97be17067890
15558893,0xd16ddadc6df0e26ac51a9dbdcb2984690c2f65be12f66ec5abc54e43aff5650d
15558895,0x4a5af5e8f3b76e7a8d684766429609d2f4c5c1271108f767116aca592b0a1fd5
15558902,0xbf6da42215774bf53d24bd86e18968eaa11238c1c8d87ab6c33c5487c7bc224c
15558914,0xeb8ebd37c58f3d4c77c00e1d8769b2b625454df4bb8a283afdffbcfc0c66306a
15558923,0x0f1a5121b383dfaeb0b101dbed64cbcca4802d51964f2857ec22c545f2447f9f
15558934,0x866659d6c744de99151a37548e17b66d71c15788785fcd365aa28629dad2c584
15558943,0xbb8919a954d65e8540cc6a49544e5d3bfa0a1c6a3e05759f956ff1f18370411b
15558962,0x257a93c1e1cc592ec19cf612e393e01747bb521a2731071f86f20f893a261a5a
15558973,0x403cf5cb08519f199e0567d14d538babcdbacf3952b6704bd45bb0746ad5f28d
15558977,0xf811384b42504065803f403fec69990274abe964348ec909390e21c331e493f2
15558991,0x879185c5d16001878a2aebef3f054e469c9604ac9e190a655645f9b416c4050c
15558998,0xf0639991792a2e3059072b8bebfdb0db95f04a8398987c4e99de3d8ff80bdc71
15559001,0xb9b7f7ab3f842b7cd282bfced46bb4c266a90345e150bd9a4ca8a33d74a5cdbc
15559008,0x86961b35a5b61d3c2299263124b7114dbee6d410c56fb8d8ff6df37e32ec0666
15559019,0xc5b3a25581ce19f3d5873192036763c3f094fe90ea56a06995325f54ca9f1861
15559036,0xae001bbecec0759edab7ced07b76e605d7aa855866499e06e3732737e1e07974
15559038,0x791b3087415d8256d345751d823831b98f266b2dd7fba21e7c71644d3038bb2f
15559041,0xf83ab63436b1bf97abbc8ac7ab70edb0505a29067e7081445cb33ddc2823813c
15559051,0x4d1621c1accd1b0ff74fac2e868941dde72e4459bcc9f56cf2474666e0a7fce6
15559077,0x7832df8361289b428ad819dec71d78f65d65b3b78acaffe71e907ff696cf1e30
15559098,0x3ad5f158e8ecb83d6ac59bf8c607ddde1e5db48be96256e8cf7b4789b0dc0dac
15559101,0x0938a4fbed67102a6f5d938b8540aced45cb28511c0475cd694e68b5ec21f51f
15559120,0x5929eb500abcefe10590dc83e1048259ba895f2a70ec8a8d7464a303e431090d
15559175,0xb6b45f1d076a0912518be7afd270b4b75fd4dc8d94c17a2cf1d5b6c457e9616d
15559183,0xea748d098c986a04e0fadf0d5626e7eda758edfd8de65af13f19041118b9417f
15559186,0x22688541bc4ca7e68ba79ebf00378a154040bd70a06461a6f5704286052be1b3
15559187,0x890591d9af6c60b855e2355cd9321d9f9cae4c5d40485d5fc1b8b78b8695b010
15559235,0x87b5ec9b1dfe540fa0aeb9a749c16437681c7d3b37712403f5dfaf43eeae5f21
15559273,0x43d2ff0bdf2c8dda86ad557f1a017f28fa81358a04a79c7a199ef8be67837f0a
15559281,0x52e8cd68df3a5427f3f25324343de8243a011a2ddc48ae61e63a43130a7a67de
15559283,0x1576cb20b6532671cd01f3cbc066c4ff6ce15a08289bf725f7e107a698b54166
15559286,0xbc7a5811f4a15189925fafaac679edfdf782f7fe75a2154b8806d4bea7c86b30
15559313,0xa9fd349642f43e1b47ed43209138032184d95176bc1f23ac13158b6edd5e2f4a
15559325,0xdf5538f7722d310356c88c7f3588faf947fe399340a530aa5d36cdfdb099d3b8
15559347,0x78525cfa859ebdc2ca540c42351529c19cbe761c5c0bd991e60940964e5343a4
15559471,0x8f6c05a2fea1f8a7d56cf9e7d2a2f1fad07e1720380bdf43f486d6eed7d06cd4
15559479,0xf0069f41defcfe1f07a0a81c2b67ff5b4a1978df6fda5788c3c3a9d58eadf866
15559482,0x6d47bc23d3d6d7d5b7972cff4ed884673e8debc89ecbab6048b9d928a1da6eac
15559634,0x035c48e338580bf9e29e2c1de8bd7f23918ae61dea80d3c61240fd1efd191634
15559755,0xb2caf5d2d284c16c6b94eff9ad7f40fd8fdae8a31e7e475b2f86ab408eac6462
15559855,0x94350c90a9b75f21422b4bf7d58abc35d0755094bdb0e0999da3442254810d49
15559857,0xaccfa9718e127546ba54be4b8f86b43284773df82cd06ba9b285a1ee26b00b67
15559883,0x02854fbf6919ecbd512eaf69ae089d0c35495bf9d7782d35a990b63af50698d3
15559901,0xf2b9c6e69b188696525da6a39346baf5d3723cb72fce62accf1872b58c7213fd
15559929,0xd0d1213592bbcac429890b0b9026e34a15618dbcbbbbf0699d01614c283f35c9
15559967,0x5cdc091558976030cb404486f5ec2eb8353417ec60ae5a22ef883664064fb8f6
15559973,0xb692a4f8afc40502947dec2beb3ee581222b8c439431393afbcb9aedce2e439c
15559976,0x3bb5926de3bb0ab280cba14542d0658d46b33648430de3f8def6e5ee0a1781d4
15560002,0xd773ad48d858961e3b11c2531eeed7bed85407d34e52ec28a98b7e285f7c091e
15560015,0xc7be144b9d075be8f9155bfbcf48d9546b88f361f89aab03cdfc5b96daf5948f
15560259,0x6c5905f226c604b4f84740958c48d5b6551bc724f2e9286e2feb0cae1e08f819
15560262,0xac884b0a226ee9733c8f0970d67383fd227ff85c546c44efb4b6b2f4a6cfffc5
15561009,0xa9237015c20fcdf8a52b3bc5d1eb89341d7bc0324b4dc1dd40bddec7c78d748d
15561548,0x242cce42d432aad62791722cc5baf1548509ac2d912a82464383d128d42fa802
15561548,0x005860d72b8f9099f36b91f71e63b3963b9fbd58732f2e2556f02f699081a5e8
15561571,0xe9926b0967885e236e925d1a64bfb5c5125a259c73fe14c851161bcd56146561
15561571,0x309f3decab737bb1d4938c1655ed4b20b94c0c237654de3a6f6d22d791c080a8
15561598,0x73bb4c7a7d63275ac55605234d3637119513fb47e524a53595a45e4eef5265e8
15561824,0xc89034e9b9874e1c5f572a54cfc0cb299c6b22a0680bd005cf183d56721a089b
15561824,0xfcd8a600fba298efe8eddcf887aac603aae38e6af0f65012f96577422585a353
15561848,0x62bee9478b66b266d9f9d96753fdc82d34828bfe669e8d639e66305a60937168
15561854,0x4128e43f5c33b0563f003037ebc56e1d2f8ac3dedad1ba1b938af9494224c354
15561860,0x85e10feb6662351f8d587a1878a34b53b5707fb8ce074e544c130a9e666df61b
15562052,0xfe2b7088a56440c4b265d259ef9a6b7e8a6f381fbf7f04b4e9df5be38523c527
15562063,0xf20b4642f5c749a956459a8eb9e1ba1ba540f6c5607ee1112095b9632d983ad2
15562079,0x8c2e456ffb743a655a8b5c392777f6c1f19a6dfe8fd71a82ffda5a6aa41cefb4
15562081,0x0ec91e1610d47f34703276b34012a49f8f84898225171578aff005b9889cff23
15562086,0x4afad89656847240516161778bf93718fd353fc5f07a8e9f04b0e8a6341d0192
15562178,0xaa23260d88621810470d784dcb7219df47cf5ea214ab5bb0b34e2939c9826ae0
15562178,0xfb9097f94a20eb5268d3f668c47fbe155401dfce2ab3b9b9dcda11e694253e74
15562209,0xd7e3377f79084e9b09a4816f505423e3078a32bacbb3aa1ec9e5a03e905271fb
15562237,0x5481c1c0d34e4a19fdf9b281a13528a81db3f0fb6101b43b9734567e9b37c135
15562258,0xba787bb6c6f0a6a135d7ae63f3db2b6d171d45368c041d03ad943c6179d85e4a
15562268,0x4b158b88b7e496a4d40a9c3db11b8cdfa0bd7ada3a3e34352d7a94bea0455fb4
15562288,0x8da16e9819624cfcc8ad55707d24e909756427d9d055b994ab3b0d05f7805e00
15562499,0x795a5a0c014dc322b8d8f6fb181abb2b9a3d23f11ca13c6a6fe5106b34bb2b76
15562516,0x47763bf5d266ca0003dd9cefed1526df517a999689f5787ca0fc63a4513cda57
15562637,0x9517d2cf9656a7041e321b1333febc43bf61d7197a374a4477e0a96b4e2b615a
15562643,0x705a46f3055d5c28e267e857976c0e046fa50d30837276848b520f9822b5cdae
15562665,0x215c0b6316f10f78b7bfde98eb106f1b85f34e51d44b6063d2b1af04186b45b4
15562670,0x2760c7c6dfef0e032853caf4befc43f5ab20d9b2d621f9d3902984aa7a564f06
15562766,0x0e39ba7320013f2a00c6fc248f95f3c2f321dfef6a325d6e038473d700971690
15562793,0x325ff479aefccbe12d7f0afbb059f980109285501741d4e4e9a1b4b679424cd9
15562826,0x732be27052d0b2877b003a2e8c6a25bae23123fec47e13f2f56ccbfa2bb596f9
15562958,0xef21bd7d9cbeadc238924853ce487e197fb0eaef80672a7d4ad048462581663b
15562970,0x6f8699a0136c256bd89d75e7328f14273b822e7d2b56bcee8bcf99c449691124
15563003,0x8efdcc0a28a5ffb8381e31d0470f256a03280a3520fca99f0b1793d570cb8655
15563017,0xa7b20744c869ef7f47020eb8d170de68ff16fee25b1818ddce4341b60868d027
15563020,0xab7097ff384de46ef1623e34eeeb84fb276af647a6f1c099ae2fea4380c3ceb9
15563020,0x5bf3fabf9d8e1a4fa7dff36250942d473c363f88a59566333f2067c8384eb87e
15563024,0xb147ccba74d77924deeb5e90d0e237db9f2676209278de4eea4c87cf4c2350b8
15563027,0xaec959c8dd53b9ce2c62391902eed98abbd72c7c07a1e572bce6092998a26f85
15563028,0xed26c233d372a2faf8554620ab9ce88624a737b6550a9d4079c5922cdb08c199
15563028,0xe85fb0e83ffddf2315cca69b6c019491c1014f964b4a96f4510b0dd09341259b
15563028,0xf2d80bbbabe15315dc36862a19b89114175b938edefd9326670cd7f6808c2882
15563028,0x9a7289cf527e793d242a2f394fe41506727c0ba1c59e011f4fb009b3d38292b9
15563032,0x5b3385ad2a08e78eb1005a0355538e1592e326af3c5324a7f79c378215c19413
15563034,0x60c0d9056e8387805d6b372099aba7b7247d54937088f772668a12289896641c
15563034,0xf90265211a03746d7060473570ea171e573c4c1d81b6be8158def48569c15f95
15563035,0x1c7d4887c647d7a914b887018f438685773e375677ce8df851103bfb7d1e00d9
15563035,0x98ee83052101702e723b7d30c2c8d052fdf066ed3e913797744d1daa1ab7ec20
15563055,0xe745a46e504905082ca52fd96075f1f5af1df3e40980e01515125c3fc19f8759
15563055,0x2a5ff50b9738aa75cb3f50956c631c2b37e9ce9a6cfd88f37f15e013b220f445
15563077,0x2d9ab8792712dad4628ea6c1b6833f3e049f5590c710da7f86b0e5460f3ab025
15563084,0x100c9de78176669582a9c5459ebda54f8a1522eed860b42a792bf55c7dfd2c22
15563160,0x9d06041f1d0f591747c67aaaee8178807cc94016766288860feb6daef0f12970
15563201,0xd38990a690f5934a09cba162f5e8d84bf7bddeacdb7a9d30177ba52946cc3834
15563565,0xc693dc83141ed8bc163cdce6bbb0c32de4a2176c94cbac9ff645a32183cdc133
15563632,0x4135317e5f02c3e1bb9bd9f374999d41a1a4f9b3d6759545f00941ed68d69c16
15563653,0x65dd4aa1f67732384784bb4301ce5a3be82037c1b21a4768ccc0075b9ddfa1b4
15563667,0x7c7d9efb3b24397d0db8861128d5fd9ce48e84d8a043d0c398cb301c4d09a45e
15563669,0xc85526bb63d3a05108da535ce81d50ea6bd059fc47b6f71a95af28a94fc67b6b
15563679,0xd344ce29413db08e89d715fff624cd01691948a4a5f509d7148b49341fbd6511
15563679,0x1b1151d94063dc61883adf885ae30fac00e9a9193e8fbe28a1c1c6703a34dc81
15563684,0x707a7e645d650e77cb997c4d1fba64742576a8823f16bea242e17baa612551ae
15563684,0xd2b6c589d4ce9548f9e5e0c9e6b0feb0491af351ff7322fb40985517f407ed27
15563700,0x44b38cbf9e0841b8546c81b94646dc8f8a06a7741cb358bf26ca56ec2731f68d
15563711,0xacabaec92b34da93d1cf5305104288eedcaa7a6caa88603da3f6427e48ad0df7
15563719,0xb0199d259deb395af103101ad71fc627d329aa18664b5bdc547ed2582e0636c1
15563731,0x2904f30a8d01f39ea7c86aab3e6348d66010c891cd8dc21dfc737dfd16f21fea
15563731,0x4cf27e3ec6f09f7a2428e976d854ec8476f23a6460e06caac840d1815df69fd6
15563731,0xeb42b510094ae7b4b6e3f4fcfa4befd62602e14bc21caf6a6d89c95c8b227429
15563731,0x0d087eec33f968da24e14c45b12b93f80f442b737a619c392c77974c030de79d
15563731,0x7b93e23468590918fd6b84aabe9b499bde6f43e7a225593eb47c53f7d73edc19
15563731,0xc3539c0a07cc7e711c66e7166f952095d1d362577de1967c7fede04c9af3cc57
15563731,0x45fc41cff95ecce8cc7bea61bafdd29537a0e073de0ba288df245407783ea52b
15563733,0x401c93d3e0411b274589828bb094fc155eb987fc59f93f7a06f9473d04c49756
15563740,0x33d7d836b168b0a95491a03bc57795dc92d80b22b2e84fb07abf74803d11a21b
15563747,0xe71821412085b250e285433eafbf76302e3ca4493c271bf0a55e383ff1b9cf86
15563749,0x84cd9fd5871f73b2ec661bfc076205a2fe441d95f33ff74a360f9ae71b80fb24
15563753,0xa363fcbf2223319c4583fee740bfe1e2800415629186760ce340a7ffa2209804
15563762,0x969486cf80e997bea97fa428466afe1bc34d62a398425a5af10e32b5c7ff2caf
15563767,0xac9124f36d9a59e96fb40b558a71a33a72f08c61543f73cc5aa1380bab62e577
15563781,0x403510a10200277b131f6113aee8f380499a80a0fc695db71465b36846784cf7
15563792,0x9486f44b1120f85b03548c3ffc5120872f0204f76a3342e1497b3cf2951d3d6e
15563796,0x7876ed68574da3b710c20add277f253f2594bf9795110987d8470c0092cd7fe6
15563796,0xd16714b134444f33d3de9c112d1ce37cafbd44b3671d2e7040885cf11f4a92a6
15563798,0xfb30ec9efad35d263b657b6d8dada0cb981601411b5abbdc501dcbcba6086078
15563800,0x260feb45b1659bbd988a49e6dfa7eae4a9cf83f5f3a3d581ba90fd03e184eccc
15563805,0xb98d5aa83d4ed10b4a327c8e073e1145697e8249f39b953daa405cce12e91bfc
15563805,0x6d58ec539b6e366a4fd355d2cc7d8a02214fa4f1202fbc5b59434f5f3e3c0c58
15563835,0xde93816b4b22583a4521444336c3e274435f283e50322dfaf857a3af24215b0f
15563855,0xd5ea9f85a384e581cae904bc9458dea7773364819a26b209b92cce49fc4828e6
15564272,0x286afe826d5814453fa3374f71c06fe8d242837d4c205ad76ce8769f3f0d93b7
15564534,0xb06e919c4bd9fb52540665358fa0fb3566567d2fc09ab8960a2d0d84e04e12da
15564536,0xf9af4925e0f669f8401954014f5ae0aef0466037c40bdb4cd0ee04eeab6f4a71
15564536,0x761dfa20e24a90dfd34d897065c55d40b5ef83ec705a3ea75bb0abe7a763476d
15564538,0x8f901c8c49e1c28fd7ce604abe45c5452c1f4b0c7cafc3ddea7d9ba622cb4a2d
15564538,0x999ecd43d01d571754db0502343dd8800e687eba0636f7062a4623ef48c4d034
15564538,0x99a81b0d95b12ffaa3fd57c3286fb76004e2da432c625f850e4ea2f2ab6881cc
15564542,0x0fef775309fc49a0bc44a76331bfc840fa8c882952e8013054ad4d4dd58f8559
15564542,0x412da2602fc1a0f63fd9d6324fc32f4bb6d0d4b9b6a59e8170daac4fbf130501
15564546,0xa8b4916e8e8419e52826c38f45e402a8341968e8ef3206b1e5465af4fc9b6c39
15564546,0x4e666ddc6272d089abea68f49a0384876422c1a2dfbe69560529f12bcfda597e
15564546,0x7d0607af6bd8bcfd79582c403ea91fbe74dcbd0e5bc195c6ffea9d78a333c33f
15564546,0xe7fc676e42ef5cf25e855d03d36ae1bdcf2a43b046d3f880c833132116c7b712
15564546,0x6673a3b770119f234319810db0544b5038d23835b7bbac88b6cecb3143af12d4
15564546,0x0f3d149f95c9624fbe5f01147f5729b56b788d0d6ec35ffc8ecaea741c7d262a
15564546,0x2a1e0d87197080e1423b2847ec642d84b9019c283180ba633456d2f0d5d599b0
15564546,0x4402862953dafc3f489eb26a6de1018c207e1901fbb86f08a4784ff650ca9e63
15564548,0x8a1d8683ae03ba9c512120d6d734993afdc7c66abe19ea6be9b792645e3abbf9
15564552,0x4d6128fc72ad63ade0a17c0357a3080016138c08f6af15fd69e40fadab8d2214
15564681,0x49f4129f487e758042eff3ab1547b522517f297a978cacfd7160b01a593a7227
15564681,0x1aefed896abac1195d784780c37ba6773646df2a2c979976043941a2a6c77f38
15564681,0xc998c6e2084d4975cb74703a96ab8d2912e13c369068bbaecee15d392f4ced3d
15564691,0xf1ee4b1889ccdc629b4cdbfe15eecedb7904740c22877a4015758120f1188b93
15564694,0xf4008a5d071bf421a8f7bf008a5cb841421c2d44b79b05c56ee1065a662e1bb5
15564697,0xa6682293dc208565edd243ee9f4bd7f4b8e7871c44ba25dc57e7ebac5f8ead4e
15564718,0xce3fb3b303d1724079aceefb7b7d5ba15db5844f8f989aecac39ef13212bccdc
15564721,0xe47a489ac1c3e75843ac734a29ef9bad88098b6e173403a5c32b25c9bf86ef27
15564734,0x390b75156c147f7e2ce96d3c2b8d7786699856973d0cd6534d223396ce485a75
15564746,0xfa714e9daacb44ff316a8babf9a880b5beac71bd54137c22fb479d1dda8812ab
15564870,0x7944e4f78daffee5ea2f396dfd053efc40ec5e3416e212a55d75af0a218b4a1d
15564905,0x78c42f8166413f71137f87b49ccf2667e7eef523d91fd9378085351a9161991b
15564905,0xb878288dfcee5e0b2737d95e3ecaf4a9d9959be4ce7e0e94a702eb3710130a8b
15564973,0x388fa27d4dbe8fb159c1515d7f975ee936d326bf887d4031e414dd1591d4b0fc
15564983,0x1baf735a3129d5787bd36d4a75cd93d6063b08ad5d1ea264902931346c85b4d0
15564983,0x134a5cfdea7b841d6069c7dafe88a6c1fa23e91dc5ad43348fbf09756f842a09
15564983,0xa684c2fc34dcc1b92c61e524cb511204e9c6bc21b947929781b55cfe7dbe66f1
15564985,0x6c7b7f901cecc6df6f6c63380bdb3e13608260d7d2449614a9fa877e01555a0c
15564988,0xe214e3bb12178e6ba12516d49ccdb47680eff8fd6c7219c6d21691e739e7e60e
15565027,0xd9e57a55bbcec73307170b831e2cac09e21e9244a5986176b16068bbd3d388c1
15565032,0xe001179c75b897476941e7ccd0220d6c35a351afbecdfb89b0bf8ea7e2d8178f
15565059,0x810694931eac63e4a82302d8eabda213289df9e8f85388a15a59a85b72218044
15565075,0xd7826706f9852044f6fca1c741c5ae5353f7a88ac2a08418021853e054552154
15565100,0xea483261004bb1a11c45480436cb9c1e3aad5d3da626e36f0409575396fd5d6c
15565102,0xefca8da4181fcb8ea5e87960a3c44e0eca9b5043eccb0d06f195b4eac39d33a3
15565118,0xc1bc5bc22c330a0984baebfd3a034c90a9cd59a639bede08ee4e2c093751d5ba
15565118,0xf56c0531f4f0450ba571556c6875577237273f325a5dfe705d2c81c67b43ae63
15565128,0xc7a407598e78b76da31ba6309b34bcc985094a5f2902081eeaed942e6058a689
15565131,0xe037518f1c4eadaca1d7282acedc94f55187d4e4d427dcc5619668ae57dc29a8
15565195,0x70851c2e34785acc0d5342e4e4ee426f589ec2ae7c832204cd62694e59d51fe4
15565204,0x6950320193661a8196c824c2768eb1c3c86c1a0a38867c343b3f5cd647ed9804
15565230,0xbd21955651b3f955bbc9268d014e5fa1db1951766d646c60e3f28a3ecd38c6b9
15565231,0x80bdb4e0102bf5547fcec154853bd7f2d66fdb6f665f4d9f36f41deb00aaf89f
15565237,0x78201d55946464f80c1ab673e8b04996e368caa092ed7e043e0ae4a93a5e8367
15565238,0xafe106e553501720a11f69eae9696160e5c9cfab794ade0b98f587abd58ea648
15565263,0x7aeb87931d6b9ad1f77269d6e958181374bcabaf35ff04398f18865c51e89c1e
15565271,0xe6a027bfac250a18a4754ff7c9015e8bf36375dea40a7e662c70143adf063e7c
15565276,0xf1e966938a73f9723a87d39d9aea63285eab4515a8939f35caba0eea6e213401
15565280,0xbaaaf3ebe5340274ce05a1c693357bd89039032a2b03448741f101ef2c37905f
15565283,0x63794268259a95e88090bab55bf92d7845eda511236e84bc85f8cb43d6cc8c02
15565314,0xc195971b1abd17366b1379320cba9eb4e815630c8a05919540b289e8ab132c6c
15565333,0x6b4e9dab4ad0cdc56daa589d8cb45cb32cfff3da48d828cf0b5ea805bc9b51f4
15565349,0xd5d5987eb81659f8d9de760afd227f6ba90458ff8175091c5bf54967ce61055a
15565353,0xf6718a5496bcf9d88f08095cb6bfd13f6e4464c3d31b2a3d132444ee508e9d89
15565358,0x9060514d43df449adefddff6aec4c0bb9b17a5d94aea04e2cbf3e0096266ac18
15565377,0xfd3a202ef7c160dba6ea574adb16e953ef7edcd88f3ba86c026fb2d86329a29b
15565379,0x9290066baabfe937ff437ab61d9671af0857de8698492e4ab3b12c59a91246b8
15565382,0xc40453e54fb798477a38f48c6b001cac98afaf0bd6e101e3b3862ce1679f1dae
15565386,0xa9eefae4bdbcf77c1c423d2d3cb35bfb7250e9610c44ea41c83c882a6a460bbb
15565395,0xdbba9a68f0b8227b3796bc3e31afd1cf10d0c981d002d4dcbe64fc726ac3b990
15565399,0x49c92b07b11810b9b48a17d725423afaa7a21bfcb5f9eb63e95fee956230c7d5
15565403,0xd772ac656d1c540ede5c81b00a9df71a44568877bb388ea723e26e0e140cdcd3
15565406,0x412df827d550781f49c0fc30e138fa21dee5531f3dfd13ebb6a7b5cbfdd5e2ca
15565422,0x10e485fc704f113b378ed877f299bf8e971bb2d1b996b6fee1ce2db31c035b8d
15565437,0x480608ef27336dd1f6a864fe3e78c3e4c0b7964a98a3f8cbd0b5a555fe5243a4
15565454,0xbb49be310b3cc962d8c18ab37062c1d57e9cd49d9dbb2b1834de7fdd2119f50b
15565567,0x82f1d2cdd8c3d4c611661237ad4fa111c9ceabb8dbd7fff69b59c0094323d369
15565600,0x5c6e8742e80fecd1008699c6698be3e8fb09c491f115d983695954a27bc8e60c
15565611,0xbc4c4152fe463100044f2f035f5908716c20cecf99fec6f4b33411fc46f64322
15565617,0xafc410eab3221c99e1e699cdc4477ac4311b628d8eadd0cde8b4bda1f8cc836c
15565617,0xea0b38c59800b4d9f482a1d7bf9964b46d0585e934f943a6ca1edef81f3cc04c
15565618,0x4b2cd3f0f8e2ba23bbb9c6fb233fc226399f8a39f7c0ca5526ae0f404162ed3f
15565622,0x3d15f5d07afbfa0afac29d08ed460652269c3d68bf7dff53022eb58db76e46c3
15565637,0x282ff0cd6dff1d9a680b3d95fea3fa42a02f35b45d3c908696d24d1f1c1340de
15565651,0xcebb9991096a818c9012d2f275e1575c5e74111754dc14fbeaa4efc7f9af76de
15565799,0x629d03260c3a56aa119fa8199b8e5ce5415aba3bd1dd82f294f91a2d4063b37c
15565831,0xa82ec6a2c5189f44cc99357253328da58d5f62e5c06826a67a5b04a7349da883
15565831,0x7bad85e3cfd1dfac501a81ad4c43da85925c39234bd645c8f2cd0cf8afb07aa2
15565893,0xe7a3e02d9cec8574e5c0218fc2952ab2f0e4e592c67f4887dabf1758d7d7d9a1
15566030,0x3664558944fc527d034f380c767e6b44acf59a4407f4bd29106c3a4a562273db
15566043,0x4793bd24a1b4170fdc451c956b241310b1d5e94a14884f0ea219de1e66200b0a
15566064,0xda3577053bf983f39f277e5e573a81d6d5008bd9b79da647e1b5494eee347428
15566075,0x1f20f501243eaec05ba58af36c4c7417a595b53d3eab76e2f4159a0b5d917b53
15566093,0xd37c3e21cde0638ea184bfa7c41646fb74a74fa53a8b643c4330625e38915ea1
15566104,0x8703f59f3182756c48f8cd9e36dd3ef93c5e68744c23a56a1c570ebd409cbef6
15566107,0xad49e174f6082026f07e695983a12c416805147b6cbc4469c97b6f7b91816f09
15566138,0x37d23720d02909bfea8aabb55cb51269cd470ecdbff625049f0529fc28d989f5
15566205,0x4b7be042ec7f686b649ecab407047467ff2122791e7aa317260c6195cf56273d
15566242,0x733a9c87839debad9e5aadcc69b6469a1c553691ec251b1a55a744904bdbd9e2
15566269,0x4a3d7c88d12d1283c28ad2cffbde9075e88a68a85bf5e7de5faa41be2ba08868
15566304,0x0df2bf410b1ccb2e223cc27842e05a2939464cdaa0719539dc32be934c618c61
15566380,0x0efa3f6fd1bac87f7f3f59fb572bf715408a845711093e3a46b472cd26a9ab9d
15566460,0xd7bba19cc927a314c5e8e9235bbd299aeefcd9833e7e633e13c2e55d7e3c534e
15566563,0x794a3d3f7c247b838ac96734c94c432c73e40bfa804ab59b1b9ec55a61e3ad9d
15566654,0x6d7d19011aef1dc88166beecc82d7b8fe8d97964a3efff192fd7398b8b0a7265
15566811,0xae47b5f79ded2f09c334d24f0ff29cc84038c1a7fe06d4e5b61d3cba5bec0a2b
15566811,0x7dea57493fad92da1b0da65457dbb87d6e63da26e4b403ecb393f2e6940702d7
15566818,0x734a8938b11264f81d715d2f3e02ba49559f1d594d1d55d1e457a6479fe875ab
15566854,0x89ef22d513d31fa6e139553745106f778e4550f718691972993a4f8fb7fdc8d0
15566860,0xeac013ab774f66bc9f2feef387001a9fbbd27c3af535b2e06977a6e55da73f7d
15567050,0x9c370fb354a191f01f3bb96ae2d3dd082994cd88d1e71ae1eb2f0791efadc370
15567056,0x451dbee158b52e53d7540e4aee5691e7df67156ddd9b3c1f49141476235e1482
15567061,0x7d01ee9ebade05159c0299266f6a6830425a9742ba66fd5bb38b33a2c2ac4347
15567087,0x0f31c6ae95a197554614f0145e210e92f00b3035cc816552b1bb40bf72549536
15567168,0x60896452438ea8aeed9a7592a8087731a07e74d4f9e8847aa033a136648cfaaf
15567350,0x4f24d3449cb51a3d67267679d4aacbfa0f50898b8b506edce15431d57be2d34f
15567420,0xc4bbc0c0281662bcd56bf66101b38c5dac3f41f025ef31f64d185db53ab53a86
15567442,0x30be287913f175739cf4ba9767ebe692b12788a84dafeeac7ac8f579dff568d7
15567488,0xfdf9231307ef521823dddda18c6a239d70778760d1318ff4a869981fc71d116e
15571021,0x6cb7d5f79132d76af6cce8dd658dd7f098b76796f3ea1905f84a2f0cc991dc17
15571091,0x38fea98967223742047c42fbe30d288482a9f6ba384a8ae6fd793d3547f2f9ff
15571095,0x89841ea99ed36dff4d94fb31940bb3481ba1a56fa0751273d93dfbdba493ccc0
15571280,0x0fcfcdeb7ca6ed73bb04950bb55d70f4cfd7001e0403fefeb47abdd956ad2490
15571353,0x8ac392ecbb38b9ec5129d04c25aead4b0faa55d42273f083c8ec61be1b0217ba
15571357,0x148d0fe2c4301f1bdbaeb81b45afaa42bcf9628da0d1166458cba25fbd14ebfe
15571371,0x77f7489a2d050d81fbb5c94ad3d8feb07d3a8eb55be4b85cb5f222f4f4c2353f
15571376,0x17b8ae72e7fce0cee5279777c83f08169280644996eceb6a76d176b45160784b
15572382,0xfb8322e7cd3aeac40f39323f79ce63a94ec840f6685cbcf0b0927525d4e2dcd6
15573165,0x3d0611d9fec3123d525a4ded068f13cfeea21d59ba26eac1666da75b33b2d54d
15573167,0x23fc558fc83d023e35680a4bf1dc94ca710a0fbf0a0a26270442c0999ef99561
15573401,0x9142380bedc0da2bd926d52dcb158719a77ad3cf32fc472a921646a8e397fffe
15573415,0x83f5f6bae8d35c626514097a1de0297c37f2eaea136768aedc2cf1870631130f
15573417,0x4b138feb4da2595ed7e2c1771ea2690f3e1120075c29c9fe433576234f50dab4
15573418,0x0524b0a77bee6933009095bc880ade5f8f3d2fed7604b327ed82e027a4e762b3
15573430,0x1c5f6da66e028ac7ad545ac6d18f140d8c3c80da4103a8690932e382dd03b498
15574043,0xb34db9496a11679f173500e4d4ade0401239f7bc4797d2133cef95cc464907f6
15574048,0x010a56743bd890bcc705ea53b7936b1ec1375fb8b1d45f182f51ed1810c85f6d
15574075,0x845f89675d75083747760edaf4372e8d5f58fd2fb47012ff54e6d2a65cd13bac
15574081,0xd9460c270b902621ea84c5e12d737b5b627f630845427dda1a16504415f71230
15574084,0xc560f5e500292d93e7d321a0643874aa67dddfdd53557cbb27bcd79b54485e47
15574096,0x50e23548d2ed909cdc8407a4fefcca352581817179a6109361b0f3f22ef832f8
15574114,0x85c13385075d9ad5e28f0d47b62d433f9d1ac011adc838710bcce0a417801dfc
15574130,0xe582e49f3c1c10dec24d63cd337e99951798e814cf0263a8eead6303dbfcc2c6
15574131,0x5095a2733ab3916be698cbef87f920637648ac58d4bb3120a3a50f1b9d47c687
15574186,0x3de20c87fa5201bda00b902ed40d84e0ac037a7eae8d33070f5b027c207e358e
15574190,0x4e45a263fcb1ba1a37f095eeae8159a1cb8bd350fc3b5434ffe9bcc76af1b3a3
15574194,0xf9c1b00a61910dadcd1121356e037f59796c44da0a8d3377e84ebfe42ff0f9f8
15574203,0xcde017cb266ae99808ff09e82f86411527164aa4148eca5c3c3f034c72d8e63c
15574227,0x412869adaede2e9a78bc2f15aa1c38da2ffcbe482fc69d31944328d5508c40b8
15574230,0x7a64b17369bca2606342734c0ba4382f127899e0103d91fbd75f462e271e2ac5
15574235,0x2f2ecae5a47770e26cf2852d79f729e7611919fba24037583025f37f13fdb4c8
15574237,0xb8d91405bb724001fd42634b25305278806870318dab4036225f2b3c6eefdd55
15574241,0x5740d1fb139b1f53f78ea78e591e38183c72f90e4454f539880a1f236329956e
15574254,0xdb99d4124b91950b8917ac9fd7f603ca4855d7a5913543c9c42e12594a5b7f2c
15574257,0x040cb9e22ecb417ed6442f864ee0b20f63fd6bef4f1a0bae567bcf76619d6439
15576442,0xad4a48f5a44b46c5d97589de0a212159413ac94be9c7e78cebce56be919b7e7a
15580225,0x6f121b08f0a67738b7dde9f764d650830fcd2629097ae7dd7ec336674b595ca6
15580435,0x830ee51b2423803bf8fca0adda8dd323e106365bcf6fcab3e30d334972850ff1
15580663,0x7944aab4ec7522a4cab7f4e5b2cf443d23044d139c6cd941b3d57d3b7df6fa56
15580667,0x0eef36f8223fc27802ef90d47bafa62cb5e8656f0c08f8792d02c2f4f6fc0d25
15580671,0x30b4d7aa39108b62a51dda94134f058265dd58f994de9deac712e1000e7f1aa4
15580673,0xe3dedb08637d16b66798b2085e12b50dd3956a8dbd7395e9546827ecb8b84363
15580675,0x43b19f01ff92a55d1fec25ed455d4d13319e1d516889a157be20a66824a65827
15580681,0x2d6c15398f1eba30a87f8d31d811c8d9ddbd7a4baeadfd1fa4262c723c8cb9a2
15580751,0x96c26ca45070f02910c1c2b937046c481ca5b6d7ddc0027574e542b02a44cbf6
15580754,0x135146c171d7cb7a49aa24bc0e1945968db7767e3c25a9231c97067edf3f4efc
15580778,0xd7624dcdb5525dfdc8c1d827b05b3ec74df7dec06c7c3d9201d65da30cd033d4
15580780,0xfd68f1e482679151e940e51555772a57da33ebb1c225317cdcc1d0607f8a6347
15580790,0x2584a7b8bc4011b1df2dcdb00f5718e0da1a0ce149c3b24e12c519ab7fcbd3af
15581296,0x4fe24e14392f2a58720156ef4b6ff4ac2974da26d067ec17c86b17867968027a
15581299,0xfb12865e6a591bb13fbf41bcc555940c3935e703edc2eceb22e046459e967cb3
15581443,0x99eb994e65a43c6e74678ca698ad0069c37ec9a17f6e98514db4dc2058356102
15581476,0x633bf5a9954818f28406d429026ab660d47991376886f2ce2b6a93c3ab3a2d7a
15581477,0x09e56712df890cca8e6db993aea31ee7f30921bf3e6965dd9974255d8e08aeef
15581479,0xf40cb6d3d6300f6010596e9fffbe5c38b8102c8c04e94e65ab1f9860bb5536f4
15581481,0xee7b2f2a5479f65e516e38943b0550e24b50b311108b16a07639ab49821d2bc4
15581484,0xedebc309bee905a11e527f69555bf130b4f77e43df92cbb8c8b6aa5e45a76678
15581528,0x78e78c297145df5d298f6cff910cc27467fc72c7bf5bfd92679f2eab3eb71ebe
15581532,0x0455d4763d6d8443b4d819ea7e10e3b139e7d2f3d689cd849b1c5791542a9601
15581536,0x178729743e13b4d8017f721e51321b968816d3ea728db51cddf43011ee2a6f17
15581536,0x455e2e62e3c1bbcd90896dd3bfff80ce22fb8a6dc4b9449c80b59b5d5872494c
15581879,0x1e177c8e5a711e90390d102874d0977c320adac3f7746304eccb5ec117fa60bf
15583828,0x42010966fe89625296a1e9a34da37c46ed94777fd8972f216123a0298696c73d
15584071,0x70c60f703af95e47a5b5ae18e90be40d2ca0a2dab5524e6d6dee29f8303a4631
15584318,0x47fd43e44d16451bf379cd303e831b7880fd2f1235392d0f8aec3cd6090cf0dd
15584324,0xab73a085f8e39336989bbc35a813e65c00e11cbbf1bdd199b57c8c3b82600381
15584326,0x03c4545dacb67fe9b0552bac3bb7093e9bc7f301df15abec19453f7d64bd3e10
15584337,0x996f7b0f9a0a50093d1e310daf5589cc75f8023bedd93b64d162f65955c9d865
15584353,0x93a08b388e00bc7ad22e6aacdf6acac74d7c3fd4b7dddd32d6a3a8539fb68832
15584359,0xf1cce54d02a8aee4b4ee3ecddb70db84186602e3912c229448da7040ddb31608
15584360,0x37e965b524b4011d00ee717e6eff19997b2519c6fe847bc9aa22d97e934853fa
15584362,0x16659b350aede9276edb28619db7562ed099f05f7dc6e072515777c68fb5ff23
15584367,0x5dc7345074261d751d72b904c7a6422709a708c2692f202fd89911d39c4d5529
15584377,0x6268d51cd9a70ae0e6f569ba03207e21d36aa40fc5f1c534814a7130037be377
15584380,0x4fb10ff098686ecfd3960791e14b93ee7a174b21f1e6a2d1019e3b1f90901cb8
15584391,0x81e9d3254370ea32541e664f0824c792b723701abec4f343ee0f6baa8aee716e
15584397,0x69bd84cf4ba379fcd7fc70a9bf3359754b828168bbeb12e889cb5bc3f8186175
15584402,0xa22d7f45d66ffb9d9e88afb5fba8f34491c92fdfa676b0738c17fa6dc9cd34f6
15584422,0x8b850fc1d54585026cfbeedcaae2cec0f5a5063914ac34bdbc5afb0d0506cbd5
15584423,0x5c3229ca2d1479144423510cd7d13d72cd947b37e5475df589f5494d0f889a1d
15584423,0xcf48650fff20c28cc3254db39c4262dd600ca5c5a202463820197f634194ba22
15584428,0x17fb7ee5ae50db7b37d186d01feac7978b99b62280600a6d24a236fc0c3f1612
15584432,0xc7427d9479eef237dbf27800fc7f7dcd242436829de0a9f80073aa071bb83da4
15584445,0xc73bc16d826d92c66fdc95e73f23e5b0aef031786e1bd90435036d0dd48de3ae
15584453,0xedbf2bf1a44271d9909ddb62e66bb75538c306c59e1ab960b6517572fe6244ce
15584465,0x780d5abecb296dd8d264f69d1fa60ec553fd8e07fbcfeb05c3329f9d45572697
15584491,0x0b21dc55901e08593241df2404a91906201e267318f49f766dccd9df7e2615bf
15584498,0x7d0024b14c3ecc4753fade2dae6cd3967e348bad64db716a585ec1c929ab42c3
15584595,0x4b762aca6686c4fcc9d992c6b2620d19120a5a13bd578d80db24695f21af8a68
15584595,0x78dcf0047282bee4b7a0fe6d3cf44309ccdbd088470a1208271b4074c59cbe6f
15584595,0xf190e1a9047cbe1d107453e1f63f56da7202fdff2d40764d5f4d554858825716
15584600,0x2bc8ea30847af4bdab886073a60e629ca20fc9f388d6504296e91eaef2b1fb93
15584600,0x39bdd8ef5359021dcc7253a3b261b9025ac3ecb0c9645c3cd2f50969ecbc608f
15584608,0x9b540d2ab44ea99f40456017deddbfa6b814915a3d8f99647722b7398a7f0b3b
15584616,0x43ee40eac27bd07268f4daf6afab7af0231e756cf311160131e7318e8ba08de8
15584616,0xdd7d17ef51df19a3f692c4ddd2a2bc473116b3b2200099eb5196d717ae0e525f
15584636,0xeb60ea8096a55be13bba32747c47fd8023631f25b39ac6e42e0944bfd60348a0
15584649,0x2e94cff7894b0621c68f49d98927122130b14829e43f2fb57e666b026d8fc3f9
15584658,0x387dc153e57cd65697a21193615c823b60b9f4a2e465807d4d9534a462161281
15584658,0x06c056650af923f4c85264fdcb818c789509a983dfd0486faf978da43b7401d2
15584658,0x0aaa31df87a5f262a45b691aa5416292cf7d46adb46344dc1fcd865d9654c8a2
15584658,0xc0d9410feff625c88eb2d6e823b05ae170bc180e6dd2cefecd71e7ad4357ab3c
15584661,0xa703fa3cd3cabf5742ec842ed1d2b07239e8ae476f123a09c53a95f87786ba43
15584662,0xe8a5243260df31fbdb64945b3e17db03c3a9e97f57023b9ab2874ee11a80e92a
15584662,0x6bc6689e2e541e363927b2253675c37a2dd77d18eb917329559910e962b9c3d9
15584669,0xd7ad0102559e23e0f3ba0572734a2a29707fc6633da88845633b0a47b71b18a5
15584696,0x6f16b1be625422f2fdb1d00a087bcb99bd18ac3e1f6921bd9d52a223360659fc
15584711,0x154b7501e98c23e4f31b4f8c2974c16b92476e73cd43695c44c41cd242cc2e0a
15584818,0x95bf7128ae937c38fdb20a5c54423a499a91f7d101653729781957769e96bb89
15584831,0xc47ffbb19431430ebb5270413af7f97b82e7ffad04775e6458f08bb6ea73a79d
15584835,0x2537cab326b1f5c14c2d256dd2426c2282748413dddef190c3646aebf2fd315a
15584840,0xce2154c9a0c16169d70aae68f53f7cd9c5de4f61a67229f30c0b65e37cd0a38b
15584840,0x517c574c84aabb1c68d46dfca8c02bf2b4097f64dfef60ed0d3c6fc1ec920dd1
15584849,0x4317e42d656853647dd58e125d3b6b9b2e616b10ae85c3b38f741c6c8f7a0c73
15584869,0x9472407f8079241c84fb4930fa6bdca8374acfbbbfc475e82df98ef8efdef6e9
15584869,0x13d9ef8f3dfd07fbe0259904bc33a52324609e6d831e46a0cbc3c98adf663c96
15584869,0xb69bd771dc0cade4a190e4c077d1b74801adb8c38585cadf74d4a24515d1c282
15584886,0x3f787b610a952e3457e852019a23f1cb408f8091a93f2fb55a17cbabc9eec548
15584909,0x7a34212778515523f732b876c8f8a5a557549b9553be64e9f65930262138d6b7
15584969,0xa6561b7db0605f57e3028e29d4491e5d22b41d800231a2a926c37f2b0ed1a9de
15584974,0xbef6ef3024414d6f957f509013b7e17df6f3df6771f5ff32ae27d5104929f836
15584977,0x8c934bea5817cba3c5cfdd686f9c41776d2804c8b91079e0ac24f719dea2d52c
15584977,0x1a4cebfd28d286b75476d33338c2a61f99dd7646c48bc103f01347fa82ef2641
15584986,0xccafe3ca637addd1f817ec387f1c4af57854ba06f3349c0f6ccb0cf5ce2d4f38
15585018,0x6bf9d2945acaac064108b010b0bc41b74369cdb8c35d1275e907bb89b1edd87f
15585032,0x7c8ba9740eda6455dd5341ed4d7715d59e90f4e2d212bc9281c40340e75092ca
15585041,0x6cd549c57f2ba809a1aef178c45cfc93e392f4504228037624d507cc6f395f14
15585679,0xc22dd6294d20e4d5b532fcca4f1322adefefd6a0c69b11d014983e7843ea24a5
15585695,0x3bb1e5f083b5d55e08421fb89d63d727f116d0ec112eb1aa20bac9b0767d8954
15585711,0x7676ca158b444eab99fef970fb739324087ad9a0e8e0cccb273b6595ac21feec
15585711,0xccbb8e644f0c6620d64fa5651a4839c46536615c8e31966725c742b1c0a10f82
15585723,0x64d84e60eaf5f86bb53384268fce12d9bdaa48c170c3593e9c582fde270ff0c6
15585738,0x05b15bca47bc4fda49551255015580587df5f911e6c7de30d94a52617478a93c
15585738,0x5d431e861cddb46df965a2831f8f3998a7df67941ddcc02a648959a888529142
15585741,0x95ee47a862f5e3539539d1bf32ae2e56835ab2424ffb72f6d8e26c5d8af6bcc8
15585746,0xb706862ea837b199de6a39e22500070443317b93967ad44ec01f25286fc2f02c
15585751,0x410c9747cd6e6f6ecd4f2ef6340295f167719877ea955e54b2bf334842e103cc
15585762,0xb1eb743ac0112765543d019241239be49ef569a762d744f96b0d04e1d2d0521e
15585766,0x63bcded751e9cc2a7a447822995ad709d7a60546a6436a29f1b4df752a9a726a
15585771,0xd0f10f0916b3a12f869abc2992b080f602e5cf77197c522467925dc43a45c7b6
15585879,0x61b04980c621fb9f64368adf0c3f071c3bd48a461790ff4bb35561cecbf398a3
15585908,0xa1a313615aa4be47b2dadf6d20a312444da14e04fa8a2dd7043450b1c6f5dc50
15585908,0xf3666e1505d325b6f14a080d813741c05f1c92a8b8180e9fc00c8c2b5461b820
15585948,0x13f75b6367846ef629a96bc6d7bc2d7f6ad7838871ea8a0af05720d7a6c6eb90
15585948,0x8d98862040f84dce93a82acfdc7359350104da59bd1eb024c9bfbb007371a6d8
15586038,0x7966f44c944f9bcfcb9078648bbe7036636c86ababf3e342fb336aa950063b94
15586174,0xea5b2d16c5e76f8be6029fb970444af76450a7d454b0f7aa5ab4a1036fa1ff68
15586179,0x46865dd9a4d372b444ea061441e18cbd5b0098439d7c64256caad1cde8187b22
15586194,0x163405d4847d6fb982b5cf764763be3250d5247d04fd6a049183ecac8368f96d
15586194,0x062145722c29dff8220da9a1c61bb75e2135e966415b2d30c6b2f15ca2560f49
15586194,0xc7542101400434207fec623bdd350b65b850272586870cf7015a6aed2eacada2
15586194,0x3779a0e807d453ccc28e1d9c523a0146d18393d444dcd0e4b5b8d701733ebeb2
15586268,0x6ed7d679af6cfc2e4d897b3863b49add4b433640579951d7d7b7dc3d53cc0704
15586303,0xaeee44b10e2412c8dd613b4e096db531b8f787e35c6a6269bae2fd6a6add43a5
15586878,0x51e8f0899ae7fc3715bff977f29ee75f377fd3920c70e0809d806c7d4c250a62
15586930,0x3afeee390046d79d4f78b314d450a456ac2d09de87208e7f5fca454f4248bdb1
15586930,0x9c226fd4a4b437204e907936f85cf7c4bb363aef93c0c2e7aa3a1f7bd8b34325
15586930,0x3834d099c8ef418c189f8d7b8b15f9c9960239763a149e85b43fd784c90446d1
15587301,0x8d02972f6084b8db8dcfb0ad429477c495c6fac406904afb348d42b902f04181
15588527,0x26ca7c2a66ad8fef4088f3dd3fa656c09178f5b42e234ef5e8879b8271cb9ae2
15588646,0x0bbd4976016b6f5088f471d209fd1d88d02291595394bd601759b0294065d036
15589995,0x8f1d751207a5e1e69b4c144e335976a46c21223219a9b90a916d7b49b55a1601
15591382,0x3477f217e33b9f7de12a65c4123f282fc0198fcfcb09e4436c8172792cd82dd5
15591506,0xae6fa3cea51f5b42cf7e8e00d4baea96ecc6fbd7aa455a7d122582ae914a4c8d
15591676,0xb8ff5408969ed9e74d2f605a833c011631342ce65e759fd40e85017b4992b799
15591856,0x1c2fc9ef3229f533787ab13ab56feca3d1d151356b8ca55cd3ef0362ee1a49fb
15592002,0x37743f632c98e4789ed5ec80ecc36ce45d03e006373667bd9d0feff835a1dfc9
15592608,0xfd858e56ef7240bc7778f19f335c0386fdd8ac984b3d6704d78f04a0ee5d3a1e
15593889,0x3f23a569eef440dcfa2ae3cfcacd210ec061e3c324ba4356f2373177ebd5faa3
15594816,0xc5cc7ec1f24f437ec48b0b8bcc66c35c258b02e8a0d1c893cf1ee45f59a68d6a
15594865,0x9c2062404fa46e686a0bac6df557ca240f56fdd2438eda8ad97366eab23eb2d0
15595667,0x35b87baa6077baf3c0a1ce743aee3bc814b410362a5ce42bdf35b112876caa93
15598352,0x4c09645044604994864da2e36ecd1e4e59aa4289242f6b48a1f43a6dce016c03
15598353,0xab41c06a47b62d073bb7e3bb5a01d3bf8351c0d48f34e14d4acd0df0b03b1203
15598354,0xff77135715de3d262ea94b9f65fb376798cc875e892f0fcc1683e5f2271b8351
15598356,0xb37a2ff4de1e291d89b8c0c25b3685b238e23b0bb0153fa11048ff29f1bff763
15598357,0x078f215136c1dc04d8c5e963b53822c84bd710e90943a30151d612061c6f9f7a
15598359,0xf865bbb036485bd17e5f7f9b0bdba76befdba59c4b7444c5375606ebb2a3d0c9
15598368,0xfefcf2aab28c6939ead2ce5b3ae09b82325b9dd5baa1782bc3a8a4e1b8828a94
15599531,0x149084f0563ad7424d9f67e944a25e021289431b4ac4c70a8a4daad9e033222b
